,Human Emotions,Emotion Value from the Video
0,Angry,12.83
1,Disgust,0.16
2,Fear,13.68
3,Happy,6.089999999999999
4,Sad,9.669999999999998
5,Surprise,2.509999999999999
6,Neutral,20.000000000000004
