,Human Emotions,Emotion Value from the Video
0,Angry,14.939999999999971
1,Disgust,0.0
2,Fear,2.539999999999995
3,Happy,306.7000000000006
4,Sad,6.069999999999978
5,Surprise,3.4799999999999907
6,Neutral,10.35999999999999
